[Sub],v/E
2.4,0.7707129
3.75,0.9633911
6,1.1560694
9,2.1194605
15,2.6011561
24,3.6608863
37.5,5.6840077
60,4.9132948
2.4,0.7707129
3.75,0.7707129
6,1.1560694
9,1.8304432
15,2.8901734
24,4.1425819
37.5,5.973025
60,5.973025
2.4,0.5780347
3.75,0.9633911
6,1.2524085
9,1.6377649
15,2.7938343
24,4.7206166
37.5,4.8169557
60,5.2986513