[Sub],avg v/E
2.4,0.7064868
3.75,0.8991651
6,1.1881824
9,1.8625562
15,2.7617213
24,4.1746949
37.5,5.4913295
60,5.3949904